num queries,brute force,kdtree cpu,kdtree cpu accuracy,priority queue,priority queue accuracy,priority queue percent difference
100,17.24800,4.68800,100.00,0.29900,7.00,31.43
200,29.09700,7.89700,100.00,0.61300,12.00,25.89
400,56.25000,15.32100,100.00,0.95200,10.00,32.01
800,111.52200,29.17700,100.00,1.70400,12.00,28.41
1600,222.64600,59.36500,100.00,3.30300,10.19,30.78
3200,447.99300,117.81000,100.00,6.83800,11.75,30.73
6400,887.24800,229.48900,100.00,13.08600,11.05,29.98
12800,1794.76800,464.28200,100.00,26.49100,11.23,30.18
